{
  "project_info": {
    "project_number": "309198507124",
    "project_id": "linkevents-37599",
    "storage_bucket": "linkevents-37599.firebasestorage.app"
  },
  "client": [
    {
      "client_info": {
        "mobilesdk_app_id": "1:309198507124:android:c3ba7f38f93caca8369521",
        "android_client_info": {
          "package_name": "com.weakglow.linken"
        }
      },
      "oauth_client": [],
      "api_key": [
        {
          "current_key": "AIzaSyC9XVQOAlK4wedDarDaE9GdRSV6oXtDL3A"
        }
      ],
      "services": {
        "appinvite_service": {
          "other_platform_oauth_client": []
        }
      }
    }
  ],
  "configuration_version": "1"
}